INDEX,Assigned_to
746,test
756,test
757,test
760,test
847,test
863,test
1007,test
1061,test
1146,test
1155,test
1156,test
1167,test
1175,test
1176,test
1184,test
1185,test
1188,test
1200,test
1209,test
1217,test
1345,test
1349,test
1354,test
1356,test
1360,test
1365,test
1373,test
1376,test
1390,test
1397,test
1410,test
1412,test
1421,test
1424,test
1538,test
1687,test
1692,test
1707,test
1711,test
1713,test
1719,test
1722,test
1729,test
1738,test
1739,test
1741,test
1748,test
1894,test
1896,test
1920,test
1926,test
1931,test
1938,test
2039,test
2045,test
2057,test
2059,test
2173,test
2188,test
2193,test
2203,test
2214,test
2229,test
2241,test
2246,test
2388,test
2434,test
2439,test
2545,test
2639,test
2652,test
2670,test
2675,test
2680,test
2718,test
2720,test
2728,test
2731,test
2738,test
2744,test
2865,test
2872,test
2883,test
2886,test
2930,test
2943,test
2949,test
2951,test
2974,test
3124,test
3132,test
3140,test
3146,test
3265,test
3272,test
3273,test
3403,test
3410,test
3415,test
3422,test
3424,test
3439,test
3639,test
3644,test
3649,test
3678,test
3804,test
3808,test
3946,test
4058,test
4060,test
4062,test
4222,test
4230,test
4234,test
4247,test
4418,test
4421,test
4425,test
4433,test
4441,test
4442,test
4630,test
4635,test
4637,test
4638,test
4639,test
4642,test
4828,test
4835,test
4843,test
4967,test
4969,test
154,test
263,test
975,test
1102,test
1271,test
1275,test
1278,test
1491,test
1495,test
1497,test
1521,test
1534,test
1643,test
1666,test
1668,test
1670,test
1671,test
1857,test
1861,test
1866,test
1869,test
1872,test
1876,test
2015,test
2025,test
2026,test
2121,test
2122,test
2124,test
2126,test
2130,test
2137,test
2139,test
2140,test
2141,test
2143,test
2149,test
2151,test
2339,test
2342,test
2349,test
2357,test
2360,test
2370,test
2373,test
2531,test
2538,test
2598,test
2605,test
2617,test
3064,test
3079,test
3081,test
3086,test
3091,test
3092,test
3094,test
3097,test
3241,test
3253,test
3365,test
3368,test
3383,test
3392,test
3597,test
3601,test
3603,test
3610,test
3628,test
3785,test
3793,test
3921,test
3930,test
4049,test
4050,test
4051,test
4054,test
4176,test
4178,test
4202,test
4205,test
4390,test
4393,test
4396,test
4402,test
4405,test
4407,test
4410,test
4582,test
4590,test
4593,test
4612,test
4790,test
4802,test
4948,test
4949,test
187,test
596,test
597,test
598,test
1012,test
1220,test
1242,test
1253,test
1437,test
1441,test
1442,test
1445,test
1452,test
1456,test
1457,test
1461,test
1571,test
1790,test
1801,test
1804,test
1976,test
1977,test
1982,test
1989,test
2277,test
2279,test
2281,test
2291,test
2293,test
2296,test
2474,test
2484,test
2501,test
2775,test
2983,test
3001,test
3180,test
3183,test
3186,test
3195,test
3292,test
3487,test
3490,test
3498,test
3713,test
3717,test
3720,test
3830,test
3831,test
3836,test
3837,test
3972,test
3982,test
3996,test
4273,test
4281,test
4293,test
4294,test
4299,test
4476,test
4486,test
4498,test
4679,test
4689,test
4693,test
4873,test
557,test
1140,test
1142,test
1332,test
1513,test
1601,test
1606,test
1609,test
1833,test
1838,test
1842,test
1846,test
2108,test
2322,test
2323,test
2326,test
2586,test
2592,test
2594,test
2812,test
2813,test
2820,test
3041,test
3045,test
3055,test
3060,test
3228,test
3335,test
3341,test
3348,test
3356,test
3358,test
3557,test
3573,test
3878,test
3883,test
3888,test
4033,test
4035,test
4037,test
4139,test
4146,test
4152,test
4162,test
4167,test
4356,test
4361,test
4362,test
4377,test
4544,test
4549,test
4555,test
4568,test
4573,test
4578,test
4580,test
4581,test
4727,test
4769,test
4772,test
4933,test
184,test
885,test
887,test
1040,test
1044,test
1116,test
1121,test
1308,test
1311,test
1314,test
1317,test
1321,test
1508,test
1586,test
1826,test
1830,test
2008,test
2079,test
2084,test
2089,test
2090,test
2095,test
2101,test
2314,test
2503,test
2507,test
2791,test
3026,test
3027,test
3030,test
3316,test
3319,test
3321,test
3325,test
3328,test
3541,test
3542,test
3553,test
3755,test
3759,test
3856,test
3857,test
3858,test
3863,test
4009,test
4015,test
4121,test
4123,test
4130,test
4133,test
4136,test
4328,test
4338,test
4540,test
4542,test
4735,test
4749,test
4750,test
4920,test
4929,test
1075,test
1471,test
1761,test
1960,test
2261,test
2264,test
2268,test
2977,test
3166,test
3277,test
3444,test
3449,test
3450,test
3462,test
3463,test
3684,test
3689,test
3959,test
3961,test
3962,test
4086,test
4257,test
4259,test
4266,test
4269,test
4471,test
4667,test
4669,test
4672,test
4674,test
4846,test
4847,test
4864,test
4865,test
4989,test
431,test
722,test
729,test
1080,test
1128,test
1260,test
1262,test
1269,test
1676,test
1679,test
1881,test
1888,test
2071,test
2157,test
2271,test
2309,test
2462,test
2628,test
2630,test
3172,test
3331,test
3466,test
3827,test
4088,test
4408,test
4412,test
4732,test
610,test
1302,test
1303,test
2311,test
3011,test
3206,test
3304,test
3311,test
3314,test
3514,test
3748,test
3844,test
4003,test
4511,test
4525,test
4527,test
4709,test
4718,test
4719,test
4725,test
4907,test
4914,test
733,dev
765,dev
766,dev
775,dev
820,dev
822,dev
932,dev
935,dev
940,dev
1002,dev
1060,dev
1144,dev
1169,dev
1204,dev
1205,dev
1212,dev
1343,dev
1358,dev
1367,dev
1368,dev
1375,dev
1377,dev
1379,dev
1383,dev
1386,dev
1388,dev
1407,dev
1409,dev
1411,dev
1415,dev
1419,dev
1426,dev
1550,dev
1697,dev
1724,dev
1740,dev
1746,dev
1751,dev
1891,dev
1897,dev
1924,dev
1925,dev
1928,dev
1933,dev
1935,dev
1937,dev
2041,dev
2042,dev
2055,dev
2171,dev
2175,dev
2185,dev
2204,dev
2234,dev
2240,dev
2386,dev
2391,dev
2395,dev
2409,dev
2415,dev
2418,dev
2426,dev
2429,dev
2543,dev
2554,dev
2642,dev
2665,dev
2678,dev
2686,dev
2692,dev
2694,dev
2699,dev
2703,dev
2710,dev
2716,dev
2735,dev
2740,dev
2746,dev
2748,dev
2764,dev
2768,dev
2873,dev
2875,dev
2877,dev
2896,dev
2901,dev
2910,dev
2926,dev
2935,dev
2938,dev
2944,dev
2966,dev
2969,dev
2971,dev
3116,dev
3121,dev
3123,dev
3125,dev
3127,dev
3129,dev
3131,dev
3143,dev
3153,dev
3155,dev
3402,dev
3417,dev
3418,dev
3425,dev
3435,dev
3650,dev
3657,dev
3810,dev
3932,dev
3947,dev
4066,dev
4069,dev
4074,dev
4210,dev
4215,dev
4227,dev
4241,dev
4244,dev
4245,dev
4426,dev
4434,dev
4436,dev
4451,dev
4452,dev
4623,dev
4644,dev
4821,dev
4825,dev
4831,dev
153,dev
160,dev
164,dev
166,dev
189,dev
645,dev
976,dev
1035,dev
1098,dev
1106,dev
1272,dev
1286,dev
1296,dev
1476,dev
1493,dev
1496,dev
1532,dev
1535,dev
1629,dev
1632,dev
1637,dev
1648,dev
1657,dev
1665,dev
1855,dev
1868,dev
1871,dev
1873,dev
2022,dev
2023,dev
2030,dev
2031,dev
2142,dev
2150,dev
2154,dev
2336,dev
2351,dev
2353,dev
2358,dev
2359,dev
2366,dev
2368,dev
2528,dev
2604,dev
2606,dev
2607,dev
2613,dev
2837,dev
2848,dev
2853,dev
3065,dev
3073,dev
3087,dev
3243,dev
3245,dev
3250,dev
3367,dev
3370,dev
3373,dev
3380,dev
3388,dev
3394,dev
3606,dev
3616,dev
3617,dev
3619,dev
3622,dev
3623,dev
3792,dev
3797,dev
3906,dev
3907,dev
3915,dev
3918,dev
3919,dev
4042,dev
4172,dev
4173,dev
4182,dev
4198,dev
4391,dev
4398,dev
4404,dev
4406,dev
4583,dev
4591,dev
4597,dev
4598,dev
4604,dev
4610,dev
4786,dev
4795,dev
4797,dev
4801,dev
4805,dev
4954,dev
947,dev
949,dev
955,dev
1065,dev
1067,dev
1073,dev
1223,dev
1235,dev
1249,dev
1432,dev
1434,dev
1792,dev
1996,dev
2066,dev
2068,dev
2273,dev
2274,dev
2284,dev
2286,dev
2290,dev
2292,dev
2294,dev
2300,dev
2466,dev
2485,dev
2487,dev
2492,dev
2493,dev
2992,dev
3179,dev
3189,dev
3190,dev
3191,dev
3194,dev
3287,dev
3295,dev
3471,dev
3477,dev
3483,dev
3489,dev
3491,dev
3722,dev
3730,dev
3731,dev
3833,dev
3975,dev
3999,dev
4094,dev
4096,dev
4271,dev
4282,dev
4285,dev
4296,dev
4482,dev
4484,dev
4485,dev
4488,dev
4492,dev
4676,dev
4683,dev
4699,dev
4700,dev
4886,dev
4897,dev
4899,dev
4997,dev
561,dev
564,dev
567,dev
571,dev
583,dev
586,dev
688,dev
915,dev
1048,dev
1059,dev
1129,dev
1331,dev
1336,dev
1339,dev
1518,dev
1610,dev
1612,dev
1836,dev
1837,dev
1843,dev
1847,dev
1851,dev
2112,dev
2114,dev
2330,dev
2803,dev
2806,dev
3039,dev
3042,dev
3047,dev
3224,dev
3235,dev
3333,dev
3344,dev
3347,dev
3349,dev
3350,dev
3352,dev
3359,dev
3363,dev
3584,dev
3587,dev
3779,dev
3781,dev
3783,dev
3882,dev
3889,dev
4028,dev
4030,dev
4140,dev
4154,dev
4371,dev
4550,dev
4553,dev
4576,dev
4579,dev
4759,dev
4776,dev
4931,dev
4934,dev
4939,dev
190,dev
886,dev
888,dev
889,dev
892,dev
896,dev
897,dev
900,dev
901,dev
903,dev
909,dev
990,dev
991,dev
1109,dev
1118,dev
1119,dev
1593,dev
2003,dev
2007,dev
2077,dev
2081,dev
2088,dev
2092,dev
2104,dev
2318,dev
2502,dev
2792,dev
2793,dev
2795,dev
2797,dev
2798,dev
3019,dev
3029,dev
3322,dev
3327,dev
3545,dev
3555,dev
3761,dev
3765,dev
3769,dev
3854,dev
4111,dev
4115,dev
4116,dev
4125,dev
4128,dev
4132,dev
4138,dev
4322,dev
4333,dev
4342,dev
4534,dev
4535,dev
4737,dev
4738,dev
4741,dev
4747,dev
4923,dev
4927,dev
4928,dev
1019,dev
1028,dev
1470,dev
1557,dev
1953,dev
2064,dev
2263,dev
2270,dev
2459,dev
2976,dev
2979,dev
3157,dev
3159,dev
3169,dev
3276,dev
3451,dev
3453,dev
3688,dev
3696,dev
3825,dev
4082,dev
4256,dev
4267,dev
4268,dev
4466,dev
4469,dev
4473,dev
4654,dev
4657,dev
4704,dev
4854,dev
4975,dev
4981,dev
4988,dev
4990,dev
631,dev
642,dev
1093,dev
1261,dev
1270,dev
1328,dev
1498,dev
1551,dev
1672,dev
1768,dev
1809,dev
1878,dev
1879,dev
1884,dev
2034,dev
2075,dev
2257,dev
2379,dev
2463,dev
2541,dev
2542,dev
2567,dev
2769,dev
3283,dev
3467,dev
3468,dev
4208,dev
624,dev
625,dev
3005,dev
3007,dev
3008,dev
3207,dev
3305,dev
3306,dev
3517,dev
3747,dev
4313,dev
4316,dev
4319,dev
4505,dev
4512,dev
4516,dev
4522,dev
4710,dev
4714,dev
4728,dev
4729,dev
4731,dev
0,train
1,train
2,train
3,train
4,train
5,train
6,train
7,train
8,train
9,train
10,train
11,train
12,train
13,train
14,train
15,train
16,train
17,train
18,train
19,train
20,train
21,train
22,train
23,train
24,train
25,train
26,train
27,train
28,train
29,train
30,train
31,train
32,train
33,train
34,train
35,train
36,train
37,train
38,train
39,train
40,train
41,train
42,train
43,train
44,train
45,train
46,train
47,train
48,train
49,train
50,train
51,train
52,train
53,train
54,train
55,train
56,train
57,train
58,train
59,train
60,train
61,train
62,train
63,train
64,train
65,train
66,train
67,train
68,train
69,train
70,train
71,train
72,train
73,train
74,train
75,train
76,train
77,train
78,train
79,train
80,train
81,train
82,train
83,train
84,train
85,train
86,train
87,train
88,train
89,train
90,train
91,train
92,train
93,train
94,train
95,train
96,train
97,train
98,train
99,train
100,train
101,train
102,train
103,train
104,train
105,train
106,train
107,train
108,train
109,train
110,train
111,train
112,train
113,train
114,train
115,train
116,train
117,train
118,train
119,train
120,train
121,train
122,train
123,train
124,train
125,train
126,train
127,train
128,train
129,train
130,train
131,train
132,train
133,train
134,train
135,train
136,train
137,train
138,train
139,train
140,train
141,train
142,train
143,train
144,train
145,train
146,train
147,train
148,train
149,train
150,train
151,train
152,train
155,train
156,train
157,train
158,train
159,train
161,train
162,train
163,train
165,train
167,train
168,train
169,train
170,train
171,train
172,train
173,train
174,train
175,train
176,train
177,train
178,train
179,train
180,train
181,train
182,train
183,train
185,train
186,train
188,train
191,train
192,train
193,train
194,train
195,train
196,train
197,train
198,train
199,train
200,train
201,train
202,train
203,train
204,train
205,train
206,train
207,train
208,train
209,train
210,train
211,train
212,train
213,train
214,train
215,train
216,train
217,train
218,train
219,train
220,train
221,train
222,train
223,train
224,train
225,train
226,train
227,train
228,train
229,train
230,train
231,train
232,train
233,train
234,train
235,train
236,train
237,train
238,train
239,train
240,train
241,train
242,train
243,train
244,train
245,train
246,train
247,train
248,train
249,train
250,train
251,train
252,train
253,train
254,train
255,train
256,train
257,train
258,train
259,train
260,train
261,train
262,train
264,train
265,train
266,train
267,train
268,train
269,train
270,train
271,train
272,train
273,train
274,train
275,train
276,train
277,train
278,train
279,train
280,train
281,train
282,train
283,train
284,train
285,train
286,train
287,train
288,train
289,train
290,train
291,train
292,train
293,train
294,train
295,train
296,train
297,train
298,train
299,train
300,train
301,train
302,train
303,train
304,train
305,train
306,train
307,train
308,train
309,train
310,train
311,train
312,train
313,train
314,train
315,train
316,train
317,train
318,train
319,train
320,train
321,train
322,train
323,train
324,train
325,train
326,train
327,train
328,train
329,train
330,train
331,train
332,train
333,train
334,train
335,train
336,train
337,train
338,train
339,train
340,train
341,train
342,train
343,train
344,train
345,train
346,train
347,train
348,train
349,train
350,train
351,train
352,train
353,train
354,train
355,train
356,train
357,train
358,train
359,train
360,train
361,train
362,train
363,train
364,train
365,train
366,train
367,train
368,train
369,train
370,train
371,train
372,train
373,train
374,train
375,train
376,train
377,train
378,train
379,train
380,train
381,train
382,train
383,train
384,train
385,train
386,train
387,train
388,train
389,train
390,train
391,train
392,train
393,train
394,train
395,train
396,train
397,train
398,train
399,train
400,train
401,train
402,train
403,train
404,train
405,train
406,train
407,train
408,train
409,train
410,train
411,train
412,train
413,train
414,train
415,train
416,train
417,train
418,train
419,train
420,train
421,train
422,train
423,train
424,train
425,train
426,train
427,train
428,train
429,train
430,train
432,train
433,train
434,train
435,train
436,train
437,train
438,train
439,train
440,train
441,train
442,train
443,train
444,train
445,train
446,train
447,train
448,train
449,train
450,train
451,train
452,train
453,train
454,train
455,train
456,train
457,train
458,train
459,train
460,train
461,train
462,train
463,train
464,train
465,train
466,train
467,train
468,train
469,train
470,train
471,train
472,train
473,train
474,train
475,train
476,train
477,train
478,train
479,train
480,train
481,train
482,train
483,train
484,train
485,train
486,train
487,train
488,train
489,train
490,train
491,train
492,train
493,train
494,train
495,train
496,train
497,train
498,train
499,train
500,train
501,train
502,train
503,train
504,train
505,train
506,train
507,train
508,train
509,train
510,train
511,train
512,train
513,train
514,train
515,train
516,train
517,train
518,train
519,train
520,train
521,train
522,train
523,train
524,train
525,train
526,train
527,train
528,train
529,train
530,train
531,train
532,train
533,train
534,train
535,train
536,train
537,train
538,train
539,train
540,train
541,train
542,train
543,train
544,train
545,train
546,train
547,train
548,train
549,train
550,train
551,train
552,train
553,train
554,train
555,train
556,train
558,train
559,train
560,train
562,train
563,train
565,train
566,train
568,train
569,train
570,train
572,train
573,train
574,train
575,train
576,train
577,train
578,train
579,train
580,train
581,train
582,train
584,train
585,train
587,train
588,train
589,train
590,train
591,train
592,train
593,train
594,train
595,train
599,train
600,train
601,train
602,train
603,train
604,train
605,train
606,train
607,train
608,train
609,train
611,train
612,train
613,train
614,train
615,train
616,train
617,train
618,train
619,train
620,train
621,train
622,train
623,train
626,train
627,train
628,train
629,train
630,train
632,train
633,train
634,train
635,train
636,train
637,train
638,train
639,train
640,train
641,train
643,train
644,train
646,train
647,train
648,train
649,train
650,train
651,train
652,train
653,train
654,train
655,train
656,train
657,train
658,train
659,train
660,train
661,train
662,train
663,train
664,train
665,train
666,train
667,train
668,train
669,train
670,train
671,train
672,train
673,train
674,train
675,train
676,train
677,train
678,train
679,train
680,train
681,train
682,train
683,train
684,train
685,train
686,train
687,train
689,train
690,train
691,train
692,train
693,train
694,train
695,train
696,train
697,train
698,train
699,train
700,train
701,train
702,train
703,train
704,train
705,train
706,train
707,train
708,train
709,train
710,train
711,train
712,train
713,train
714,train
715,train
716,train
717,train
718,train
719,train
720,train
721,train
723,train
724,train
725,train
726,train
727,train
728,train
730,train
731,train
732,train
734,train
735,train
736,train
737,train
738,train
739,train
740,train
741,train
742,train
743,train
744,train
745,train
747,train
748,train
749,train
750,train
751,train
752,train
753,train
754,train
755,train
758,train
759,train
761,train
762,train
763,train
764,train
767,train
768,train
769,train
770,train
771,train
772,train
773,train
774,train
776,train
777,train
778,train
779,train
780,train
781,train
782,train
783,train
784,train
785,train
786,train
787,train
788,train
789,train
790,train
791,train
792,train
793,train
794,train
795,train
796,train
797,train
798,train
799,train
800,train
801,train
802,train
803,train
804,train
805,train
806,train
807,train
808,train
809,train
810,train
811,train
812,train
813,train
814,train
815,train
816,train
817,train
818,train
819,train
821,train
823,train
824,train
825,train
826,train
827,train
828,train
829,train
830,train
831,train
832,train
833,train
834,train
835,train
836,train
837,train
838,train
839,train
840,train
841,train
842,train
843,train
844,train
845,train
846,train
848,train
849,train
850,train
851,train
852,train
853,train
854,train
855,train
856,train
857,train
858,train
859,train
860,train
861,train
862,train
864,train
865,train
866,train
867,train
868,train
869,train
870,train
871,train
872,train
873,train
874,train
875,train
876,train
877,train
878,train
879,train
880,train
881,train
882,train
883,train
884,train
890,train
891,train
893,train
894,train
895,train
898,train
899,train
902,train
904,train
905,train
906,train
907,train
908,train
910,train
911,train
912,train
913,train
914,train
916,train
917,train
918,train
919,train
920,train
921,train
922,train
923,train
924,train
925,train
926,train
927,train
928,train
929,train
930,train
931,train
933,train
934,train
936,train
937,train
938,train
939,train
941,train
942,train
943,train
944,train
945,train
946,train
948,train
950,train
951,train
952,train
953,train
954,train
956,train
957,train
958,train
959,train
960,train
961,train
962,train
963,train
964,train
965,train
966,train
967,train
968,train
969,train
970,train
971,train
972,train
973,train
974,train
977,train
978,train
979,train
980,train
981,train
982,train
983,train
984,train
985,train
986,train
987,train
988,train
989,train
992,train
993,train
994,train
995,train
996,train
997,train
998,train
999,train
1000,train
1001,train
1003,train
1004,train
1005,train
1006,train
1008,train
1009,train
1010,train
1011,train
1013,train
1014,train
1015,train
1016,train
1017,train
1018,train
1020,train
1021,train
1022,train
1023,train
1024,train
1025,train
1026,train
1027,train
1029,train
1030,train
1031,train
1032,train
1033,train
1034,train
1036,train
1037,train
1038,train
1039,train
1041,train
1042,train
1043,train
1045,train
1046,train
1047,train
1049,train
1050,train
1051,train
1052,train
1053,train
1054,train
1055,train
1056,train
1057,train
1058,train
1062,train
1063,train
1064,train
1066,train
1068,train
1069,train
1070,train
1071,train
1072,train
1074,train
1076,train
1077,train
1078,train
1079,train
1081,train
1082,train
1083,train
1084,train
1085,train
1086,train
1087,train
1088,train
1089,train
1090,train
1091,train
1092,train
1094,train
1095,train
1096,train
1097,train
1099,train
1100,train
1101,train
1103,train
1104,train
1105,train
1107,train
1108,train
1110,train
1111,train
1112,train
1113,train
1114,train
1115,train
1117,train
1120,train
1122,train
1123,train
1124,train
1125,train
1126,train
1127,train
1130,train
1131,train
1132,train
1133,train
1134,train
1135,train
1136,train
1137,train
1138,train
1139,train
1141,train
1143,train
1145,train
1147,train
1148,train
1149,train
1150,train
1151,train
1152,train
1153,train
1154,train
1157,train
1158,train
1159,train
1160,train
1161,train
1162,train
1163,train
1164,train
1165,train
1166,train
1168,train
1170,train
1171,train
1172,train
1173,train
1174,train
1177,train
1178,train
1179,train
1180,train
1181,train
1182,train
1183,train
1186,train
1187,train
1189,train
1190,train
1191,train
1192,train
1193,train
1194,train
1195,train
1196,train
1197,train
1198,train
1199,train
1201,train
1202,train
1203,train
1206,train
1207,train
1208,train
1210,train
1211,train
1213,train
1214,train
1215,train
1216,train
1218,train
1219,train
1221,train
1222,train
1224,train
1225,train
1226,train
1227,train
1228,train
1229,train
1230,train
1231,train
1232,train
1233,train
1234,train
1236,train
1237,train
1238,train
1239,train
1240,train
1241,train
1243,train
1244,train
1245,train
1246,train
1247,train
1248,train
1250,train
1251,train
1252,train
1254,train
1255,train
1256,train
1257,train
1258,train
1259,train
1263,train
1264,train
1265,train
1266,train
1267,train
1268,train
1273,train
1274,train
1276,train
1277,train
1279,train
1280,train
1281,train
1282,train
1283,train
1284,train
1285,train
1287,train
1288,train
1289,train
1290,train
1291,train
1292,train
1293,train
1294,train
1295,train
1297,train
1298,train
1299,train
1300,train
1301,train
1304,train
1305,train
1306,train
1307,train
1309,train
1310,train
1312,train
1313,train
1315,train
1316,train
1318,train
1319,train
1320,train
1322,train
1323,train
1324,train
1325,train
1326,train
1327,train
1329,train
1330,train
1333,train
1334,train
1335,train
1337,train
1338,train
1340,train
1341,train
1342,train
1344,train
1346,train
1347,train
1348,train
1350,train
1351,train
1352,train
1353,train
1355,train
1357,train
1359,train
1361,train
1362,train
1363,train
1364,train
1366,train
1369,train
1370,train
1371,train
1372,train
1374,train
1378,train
1380,train
1381,train
1382,train
1384,train
1385,train
1387,train
1389,train
1391,train
1392,train
1393,train
1394,train
1395,train
1396,train
1398,train
1399,train
1400,train
1401,train
1402,train
1403,train
1404,train
1405,train
1406,train
1408,train
1413,train
1414,train
1416,train
1417,train
1418,train
1420,train
1422,train
1423,train
1425,train
1427,train
1428,train
1429,train
1430,train
1431,train
1433,train
1435,train
1436,train
1438,train
1439,train
1440,train
1443,train
1444,train
1446,train
1447,train
1448,train
1449,train
1450,train
1451,train
1453,train
1454,train
1455,train
1458,train
1459,train
1460,train
1462,train
1463,train
1464,train
1465,train
1466,train
1467,train
1468,train
1469,train
1472,train
1473,train
1474,train
1475,train
1477,train
1478,train
1479,train
1480,train
1481,train
1482,train
1483,train
1484,train
1485,train
1486,train
1487,train
1488,train
1489,train
1490,train
1492,train
1494,train
1499,train
1500,train
1501,train
1502,train
1503,train
1504,train
1505,train
1506,train
1507,train
1509,train
1510,train
1511,train
1512,train
1514,train
1515,train
1516,train
1517,train
1519,train
1520,train
1522,train
1523,train
1524,train
1525,train
1526,train
1527,train
1528,train
1529,train
1530,train
1531,train
1533,train
1536,train
1537,train
1539,train
1540,train
1541,train
1542,train
1543,train
1544,train
1545,train
1546,train
1547,train
1548,train
1549,train
1552,train
1553,train
1554,train
1555,train
1556,train
1558,train
1559,train
1560,train
1561,train
1562,train
1563,train
1564,train
1565,train
1566,train
1567,train
1568,train
1569,train
1570,train
1572,train
1573,train
1574,train
1575,train
1576,train
1577,train
1578,train
1579,train
1580,train
1581,train
1582,train
1583,train
1584,train
1585,train
1587,train
1588,train
1589,train
1590,train
1591,train
1592,train
1594,train
1595,train
1596,train
1597,train
1598,train
1599,train
1600,train
1602,train
1603,train
1604,train
1605,train
1607,train
1608,train
1611,train
1613,train
1614,train
1615,train
1616,train
1617,train
1618,train
1619,train
1620,train
1621,train
1622,train
1623,train
1624,train
1625,train
1626,train
1627,train
1628,train
1630,train
1631,train
1633,train
1634,train
1635,train
1636,train
1638,train
1639,train
1640,train
1641,train
1642,train
1644,train
1645,train
1646,train
1647,train
1649,train
1650,train
1651,train
1652,train
1653,train
1654,train
1655,train
1656,train
1658,train
1659,train
1660,train
1661,train
1662,train
1663,train
1664,train
1667,train
1669,train
1673,train
1674,train
1675,train
1677,train
1678,train
1680,train
1681,train
1682,train
1683,train
1684,train
1685,train
1686,train
1688,train
1689,train
1690,train
1691,train
1693,train
1694,train
1695,train
1696,train
1698,train
1699,train
1700,train
1701,train
1702,train
1703,train
1704,train
1705,train
1706,train
1708,train
1709,train
1710,train
1712,train
1714,train
1715,train
1716,train
1717,train
1718,train
1720,train
1721,train
1723,train
1725,train
1726,train
1727,train
1728,train
1730,train
1731,train
1732,train
1733,train
1734,train
1735,train
1736,train
1737,train
1742,train
1743,train
1744,train
1745,train
1747,train
1749,train
1750,train
1752,train
1753,train
1754,train
1755,train
1756,train
1757,train
1758,train
1759,train
1760,train
1762,train
1763,train
1764,train
1765,train
1766,train
1767,train
1769,train
1770,train
1771,train
1772,train
1773,train
1774,train
1775,train
1776,train
1777,train
1778,train
1779,train
1780,train
1781,train
1782,train
1783,train
1784,train
1785,train
1786,train
1787,train
1788,train
1789,train
1791,train
1793,train
1794,train
1795,train
1796,train
1797,train
1798,train
1799,train
1800,train
1802,train
1803,train
1805,train
1806,train
1807,train
1808,train
1810,train
1811,train
1812,train
1813,train
1814,train
1815,train
1816,train
1817,train
1818,train
1819,train
1820,train
1821,train
1822,train
1823,train
1824,train
1825,train
1827,train
1828,train
1829,train
1831,train
1832,train
1834,train
1835,train
1839,train
1840,train
1841,train
1844,train
1845,train
1848,train
1849,train
1850,train
1852,train
1853,train
1854,train
1856,train
1858,train
1859,train
1860,train
1862,train
1863,train
1864,train
1865,train
1867,train
1870,train
1874,train
1875,train
1877,train
1880,train
1882,train
1883,train
1885,train
1886,train
1887,train
1889,train
1890,train
1892,train
1893,train
1895,train
1898,train
1899,train
1900,train
1901,train
1902,train
1903,train
1904,train
1905,train
1906,train
1907,train
1908,train
1909,train
1910,train
1911,train
1912,train
1913,train
1914,train
1915,train
1916,train
1917,train
1918,train
1919,train
1921,train
1922,train
1923,train
1927,train
1929,train
1930,train
1932,train
1934,train
1936,train
1939,train
1940,train
1941,train
1942,train
1943,train
1944,train
1945,train
1946,train
1947,train
1948,train
1949,train
1950,train
1951,train
1952,train
1954,train
1955,train
1956,train
1957,train
1958,train
1959,train
1961,train
1962,train
1963,train
1964,train
1965,train
1966,train
1967,train
1968,train
1969,train
1970,train
1971,train
1972,train
1973,train
1974,train
1975,train
1978,train
1979,train
1980,train
1981,train
1983,train
1984,train
1985,train
1986,train
1987,train
1988,train
1990,train
1991,train
1992,train
1993,train
1994,train
1995,train
1997,train
1998,train
1999,train
2000,train
2001,train
2002,train
2004,train
2005,train
2006,train
2009,train
2010,train
2011,train
2012,train
2013,train
2014,train
2016,train
2017,train
2018,train
2019,train
2020,train
2021,train
2024,train
2027,train
2028,train
2029,train
2032,train
2033,train
2035,train
2036,train
2037,train
2038,train
2040,train
2043,train
2044,train
2046,train
2047,train
2048,train
2049,train
2050,train
2051,train
2052,train
2053,train
2054,train
2056,train
2058,train
2060,train
2061,train
2062,train
2063,train
2065,train
2067,train
2069,train
2070,train
2072,train
2073,train
2074,train
2076,train
2078,train
2080,train
2082,train
2083,train
2085,train
2086,train
2087,train
2091,train
2093,train
2094,train
2096,train
2097,train
2098,train
2099,train
2100,train
2102,train
2103,train
2105,train
2106,train
2107,train
2109,train
2110,train
2111,train
2113,train
2115,train
2116,train
2117,train
2118,train
2119,train
2120,train
2123,train
2125,train
2127,train
2128,train
2129,train
2131,train
2132,train
2133,train
2134,train
2135,train
2136,train
2138,train
2144,train
2145,train
2146,train
2147,train
2148,train
2152,train
2153,train
2155,train
2156,train
2158,train
2159,train
2160,train
2161,train
2162,train
2163,train
2164,train
2165,train
2166,train
2167,train
2168,train
2169,train
2170,train
2172,train
2174,train
2176,train
2177,train
2178,train
2179,train
2180,train
2181,train
2182,train
2183,train
2184,train
2186,train
2187,train
2189,train
2190,train
2191,train
2192,train
2194,train
2195,train
2196,train
2197,train
2198,train
2199,train
2200,train
2201,train
2202,train
2205,train
2206,train
2207,train
2208,train
2209,train
2210,train
2211,train
2212,train
2213,train
2215,train
2216,train
2217,train
2218,train
2219,train
2220,train
2221,train
2222,train
2223,train
2224,train
2225,train
2226,train
2227,train
2228,train
2230,train
2231,train
2232,train
2233,train
2235,train
2236,train
2237,train
2238,train
2239,train
2242,train
2243,train
2244,train
2245,train
2247,train
2248,train
2249,train
2250,train
2251,train
2252,train
2253,train
2254,train
2255,train
2256,train
2258,train
2259,train
2260,train
2262,train
2265,train
2266,train
2267,train
2269,train
2272,train
2275,train
2276,train
2278,train
2280,train
2282,train
2283,train
2285,train
2287,train
2288,train
2289,train
2295,train
2297,train
2298,train
2299,train
2301,train
2302,train
2303,train
2304,train
2305,train
2306,train
2307,train
2308,train
2310,train
2312,train
2313,train
2315,train
2316,train
2317,train
2319,train
2320,train
2321,train
2324,train
2325,train
2327,train
2328,train
2329,train
2331,train
2332,train
2333,train
2334,train
2335,train
2337,train
2338,train
2340,train
2341,train
2343,train
2344,train
2345,train
2346,train
2347,train
2348,train
2350,train
2352,train
2354,train
2355,train
2356,train
2361,train
2362,train
2363,train
2364,train
2365,train
2367,train
2369,train
2371,train
2372,train
2374,train
2375,train
2376,train
2377,train
2378,train
2380,train
2381,train
2382,train
2383,train
2384,train
2385,train
2387,train
2389,train
2390,train
2392,train
2393,train
2394,train
2396,train
2397,train
2398,train
2399,train
2400,train
2401,train
2402,train
2403,train
2404,train
2405,train
2406,train
2407,train
2408,train
2410,train
2411,train
2412,train
2413,train
2414,train
2416,train
2417,train
2419,train
2420,train
2421,train
2422,train
2423,train
2424,train
2425,train
2427,train
2428,train
2430,train
2431,train
2432,train
2433,train
2435,train
2436,train
2437,train
2438,train
2440,train
2441,train
2442,train
2443,train
2444,train
2445,train
2446,train
2447,train
2448,train
2449,train
2450,train
2451,train
2452,train
2453,train
2454,train
2455,train
2456,train
2457,train
2458,train
2460,train
2461,train
2464,train
2465,train
2467,train
2468,train
2469,train
2470,train
2471,train
2472,train
2473,train
2475,train
2476,train
2477,train
2478,train
2479,train
2480,train
2481,train
2482,train
2483,train
2486,train
2488,train
2489,train
2490,train
2491,train
2494,train
2495,train
2496,train
2497,train
2498,train
2499,train
2500,train
2504,train
2505,train
2506,train
2508,train
2509,train
2510,train
2511,train
2512,train
2513,train
2514,train
2515,train
2516,train
2517,train
2518,train
2519,train
2520,train
2521,train
2522,train
2523,train
2524,train
2525,train
2526,train
2527,train
2529,train
2530,train
2532,train
2533,train
2534,train
2535,train
2536,train
2537,train
2539,train
2540,train
2544,train
2546,train
2547,train
2548,train
2549,train
2550,train
2551,train
2552,train
2553,train
2555,train
2556,train
2557,train
2558,train
2559,train
2560,train
2561,train
2562,train
2563,train
2564,train
2565,train
2566,train
2568,train
2569,train
2570,train
2571,train
2572,train
2573,train
2574,train
2575,train
2576,train
2577,train
2578,train
2579,train
2580,train
2581,train
2582,train
2583,train
2584,train
2585,train
2587,train
2588,train
2589,train
2590,train
2591,train
2593,train
2595,train
2596,train
2597,train
2599,train
2600,train
2601,train
2602,train
2603,train
2608,train
2609,train
2610,train
2611,train
2612,train
2614,train
2615,train
2616,train
2618,train
2619,train
2620,train
2621,train
2622,train
2623,train
2624,train
2625,train
2626,train
2627,train
2629,train
2631,train
2632,train
2633,train
2634,train
2635,train
2636,train
2637,train
2638,train
2640,train
2641,train
2643,train
2644,train
2645,train
2646,train
2647,train
2648,train
2649,train
2650,train
2651,train
2653,train
2654,train
2655,train
2656,train
2657,train
2658,train
2659,train
2660,train
2661,train
2662,train
2663,train
2664,train
2666,train
2667,train
2668,train
2669,train
2671,train
2672,train
2673,train
2674,train
2676,train
2677,train
2679,train
2681,train
2682,train
2683,train
2684,train
2685,train
2687,train
2688,train
2689,train
2690,train
2691,train
2693,train
2695,train
2696,train
2697,train
2698,train
2700,train
2701,train
2702,train
2704,train
2705,train
2706,train
2707,train
2708,train
2709,train
2711,train
2712,train
2713,train
2714,train
2715,train
2717,train
2719,train
2721,train
2722,train
2723,train
2724,train
2725,train
2726,train
2727,train
2729,train
2730,train
2732,train
2733,train
2734,train
2736,train
2737,train
2739,train
2741,train
2742,train
2743,train
2745,train
2747,train
2749,train
2750,train
2751,train
2752,train
2753,train
2754,train
2755,train
2756,train
2757,train
2758,train
2759,train
2760,train
2761,train
2762,train
2763,train
2765,train
2766,train
2767,train
2770,train
2771,train
2772,train
2773,train
2774,train
2776,train
2777,train
2778,train
2779,train
2780,train
2781,train
2782,train
2783,train
2784,train
2785,train
2786,train
2787,train
2788,train
2789,train
2790,train
2794,train
2796,train
2799,train
2800,train
2801,train
2802,train
2804,train
2805,train
2807,train
2808,train
2809,train
2810,train
2811,train
2814,train
2815,train
2816,train
2817,train
2818,train
2819,train
2821,train
2822,train
2823,train
2824,train
2825,train
2826,train
2827,train
2828,train
2829,train
2830,train
2831,train
2832,train
2833,train
2834,train
2835,train
2836,train
2838,train
2839,train
2840,train
2841,train
2842,train
2843,train
2844,train
2845,train
2846,train
2847,train
2849,train
2850,train
2851,train
2852,train
2854,train
2855,train
2856,train
2857,train
2858,train
2859,train
2860,train
2861,train
2862,train
2863,train
2864,train
2866,train
2867,train
2868,train
2869,train
2870,train
2871,train
2874,train
2876,train
2878,train
2879,train
2880,train
2881,train
2882,train
2884,train
2885,train
2887,train
2888,train
2889,train
2890,train
2891,train
2892,train
2893,train
2894,train
2895,train
2897,train
2898,train
2899,train
2900,train
2902,train
2903,train
2904,train
2905,train
2906,train
2907,train
2908,train
2909,train
2911,train
2912,train
2913,train
2914,train
2915,train
2916,train
2917,train
2918,train
2919,train
2920,train
2921,train
2922,train
2923,train
2924,train
2925,train
2927,train
2928,train
2929,train
2931,train
2932,train
2933,train
2934,train
2936,train
2937,train
2939,train
2940,train
2941,train
2942,train
2945,train
2946,train
2947,train
2948,train
2950,train
2952,train
2953,train
2954,train
2955,train
2956,train
2957,train
2958,train
2959,train
2960,train
2961,train
2962,train
2963,train
2964,train
2965,train
2967,train
2968,train
2970,train
2972,train
2973,train
2975,train
2978,train
2980,train
2981,train
2982,train
2984,train
2985,train
2986,train
2987,train
2988,train
2989,train
2990,train
2991,train
2993,train
2994,train
2995,train
2996,train
2997,train
2998,train
2999,train
3000,train
3002,train
3003,train
3004,train
3006,train
3009,train
3010,train
3012,train
3013,train
3014,train
3015,train
3016,train
3017,train
3018,train
3020,train
3021,train
3022,train
3023,train
3024,train
3025,train
3028,train
3031,train
3032,train
3033,train
3034,train
3035,train
3036,train
3037,train
3038,train
3040,train
3043,train
3044,train
3046,train
3048,train
3049,train
3050,train
3051,train
3052,train
3053,train
3054,train
3056,train
3057,train
3058,train
3059,train
3061,train
3062,train
3063,train
3066,train
3067,train
3068,train
3069,train
3070,train
3071,train
3072,train
3074,train
3075,train
3076,train
3077,train
3078,train
3080,train
3082,train
3083,train
3084,train
3085,train
3088,train
3089,train
3090,train
3093,train
3095,train
3096,train
3098,train
3099,train
3100,train
3101,train
3102,train
3103,train
3104,train
3105,train
3106,train
3107,train
3108,train
3109,train
3110,train
3111,train
3112,train
3113,train
3114,train
3115,train
3117,train
3118,train
3119,train
3120,train
3122,train
3126,train
3128,train
3130,train
3133,train
3134,train
3135,train
3136,train
3137,train
3138,train
3139,train
3141,train
3142,train
3144,train
3145,train
3147,train
3148,train
3149,train
3150,train
3151,train
3152,train
3154,train
3156,train
3158,train
3160,train
3161,train
3162,train
3163,train
3164,train
3165,train
3167,train
3168,train
3170,train
3171,train
3173,train
3174,train
3175,train
3176,train
3177,train
3178,train
3181,train
3182,train
3184,train
3185,train
3187,train
3188,train
3192,train
3193,train
3196,train
3197,train
3198,train
3199,train
3200,train
3201,train
3202,train
3203,train
3204,train
3205,train
3208,train
3209,train
3210,train
3211,train
3212,train
3213,train
3214,train
3215,train
3216,train
3217,train
3218,train
3219,train
3220,train
3221,train
3222,train
3223,train
3225,train
3226,train
3227,train
3229,train
3230,train
3231,train
3232,train
3233,train
3234,train
3236,train
3237,train
3238,train
3239,train
3240,train
3242,train
3244,train
3246,train
3247,train
3248,train
3249,train
3251,train
3252,train
3254,train
3255,train
3256,train
3257,train
3258,train
3259,train
3260,train
3261,train
3262,train
3263,train
3264,train
3266,train
3267,train
3268,train
3269,train
3270,train
3271,train
3274,train
3275,train
3278,train
3279,train
3280,train
3281,train
3282,train
3284,train
3285,train
3286,train
3288,train
3289,train
3290,train
3291,train
3293,train
3294,train
3296,train
3297,train
3298,train
3299,train
3300,train
3301,train
3302,train
3303,train
3307,train
3308,train
3309,train
3310,train
3312,train
3313,train
3315,train
3317,train
3318,train
3320,train
3323,train
3324,train
3326,train
3329,train
3330,train
3332,train
3334,train
3336,train
3337,train
3338,train
3339,train
3340,train
3342,train
3343,train
3345,train
3346,train
3351,train
3353,train
3354,train
3355,train
3357,train
3360,train
3361,train
3362,train
3364,train
3366,train
3369,train
3371,train
3372,train
3374,train
3375,train
3376,train
3377,train
3378,train
3379,train
3381,train
3382,train
3384,train
3385,train
3386,train
3387,train
3389,train
3390,train
3391,train
3393,train
3395,train
3396,train
3397,train
3398,train
3399,train
3400,train
3401,train
3404,train
3405,train
3406,train
3407,train
3408,train
3409,train
3411,train
3412,train
3413,train
3414,train
3416,train
3419,train
3420,train
3421,train
3423,train
3426,train
3427,train
3428,train
3429,train
3430,train
3431,train
3432,train
3433,train
3434,train
3436,train
3437,train
3438,train
3440,train
3441,train
3442,train
3443,train
3445,train
3446,train
3447,train
3448,train
3452,train
3454,train
3455,train
3456,train
3457,train
3458,train
3459,train
3460,train
3461,train
3464,train
3465,train
3469,train
3470,train
3472,train
3473,train
3474,train
3475,train
3476,train
3478,train
3479,train
3480,train
3481,train
3482,train
3484,train
3485,train
3486,train
3488,train
3492,train
3493,train
3494,train
3495,train
3496,train
3497,train
3499,train
3500,train
3501,train
3502,train
3503,train
3504,train
3505,train
3506,train
3507,train
3508,train
3509,train
3510,train
3511,train
3512,train
3513,train
3515,train
3516,train
3518,train
3519,train
3520,train
3521,train
3522,train
3523,train
3524,train
3525,train
3526,train
3527,train
3528,train
3529,train
3530,train
3531,train
3532,train
3533,train
3534,train
3535,train
3536,train
3537,train
3538,train
3539,train
3540,train
3543,train
3544,train
3546,train
3547,train
3548,train
3549,train
3550,train
3551,train
3552,train
3554,train
3556,train
3558,train
3559,train
3560,train
3561,train
3562,train
3563,train
3564,train
3565,train
3566,train
3567,train
3568,train
3569,train
3570,train
3571,train
3572,train
3574,train
3575,train
3576,train
3577,train
3578,train
3579,train
3580,train
3581,train
3582,train
3583,train
3585,train
3586,train
3588,train
3589,train
3590,train
3591,train
3592,train
3593,train
3594,train
3595,train
3596,train
3598,train
3599,train
3600,train
3602,train
3604,train
3605,train
3607,train
3608,train
3609,train
3611,train
3612,train
3613,train
3614,train
3615,train
3618,train
3620,train
3621,train
3624,train
3625,train
3626,train
3627,train
3629,train
3630,train
3631,train
3632,train
3633,train
3634,train
3635,train
3636,train
3637,train
3638,train
3640,train
3641,train
3642,train
3643,train
3645,train
3646,train
3647,train
3648,train
3651,train
3652,train
3653,train
3654,train
3655,train
3656,train
3658,train
3659,train
3660,train
3661,train
3662,train
3663,train
3664,train
3665,train
3666,train
3667,train
3668,train
3669,train
3670,train
3671,train
3672,train
3673,train
3674,train
3675,train
3676,train
3677,train
3679,train
3680,train
3681,train
3682,train
3683,train
3685,train
3686,train
3687,train
3690,train
3691,train
3692,train
3693,train
3694,train
3695,train
3697,train
3698,train
3699,train
3700,train
3701,train
3702,train
3703,train
3704,train
3705,train
3706,train
3707,train
3708,train
3709,train
3710,train
3711,train
3712,train
3714,train
3715,train
3716,train
3718,train
3719,train
3721,train
3723,train
3724,train
3725,train
3726,train
3727,train
3728,train
3729,train
3732,train
3733,train
3734,train
3735,train
3736,train
3737,train
3738,train
3739,train
3740,train
3741,train
3742,train
3743,train
3744,train
3745,train
3746,train
3749,train
3750,train
3751,train
3752,train
3753,train
3754,train
3756,train
3757,train
3758,train
3760,train
3762,train
3763,train
3764,train
3766,train
3767,train
3768,train
3770,train
3771,train
3772,train
3773,train
3774,train
3775,train
3776,train
3777,train
3778,train
3780,train
3782,train
3784,train
3786,train
3787,train
3788,train
3789,train
3790,train
3791,train
3794,train
3795,train
3796,train
3798,train
3799,train
3800,train
3801,train
3802,train
3803,train
3805,train
3806,train
3807,train
3809,train
3811,train
3812,train
3813,train
3814,train
3815,train
3816,train
3817,train
3818,train
3819,train
3820,train
3821,train
3822,train
3823,train
3824,train
3826,train
3828,train
3829,train
3832,train
3834,train
3835,train
3838,train
3839,train
3840,train
3841,train
3842,train
3843,train
3845,train
3846,train
3847,train
3848,train
3849,train
3850,train
3851,train
3852,train
3853,train
3855,train
3859,train
3860,train
3861,train
3862,train
3864,train
3865,train
3866,train
3867,train
3868,train
3869,train
3870,train
3871,train
3872,train
3873,train
3874,train
3875,train
3876,train
3877,train
3879,train
3880,train
3881,train
3884,train
3885,train
3886,train
3887,train
3890,train
3891,train
3892,train
3893,train
3894,train
3895,train
3896,train
3897,train
3898,train
3899,train
3900,train
3901,train
3902,train
3903,train
3904,train
3905,train
3908,train
3909,train
3910,train
3911,train
3912,train
3913,train
3914,train
3916,train
3917,train
3920,train
3922,train
3923,train
3924,train
3925,train
3926,train
3927,train
3928,train
3929,train
3931,train
3933,train
3934,train
3935,train
3936,train
3937,train
3938,train
3939,train
3940,train
3941,train
3942,train
3943,train
3944,train
3945,train
3948,train
3949,train
3950,train
3951,train
3952,train
3953,train
3954,train
3955,train
3956,train
3957,train
3958,train
3960,train
3963,train
3964,train
3965,train
3966,train
3967,train
3968,train
3969,train
3970,train
3971,train
3973,train
3974,train
3976,train
3977,train
3978,train
3979,train
3980,train
3981,train
3983,train
3984,train
3985,train
3986,train
3987,train
3988,train
3989,train
3990,train
3991,train
3992,train
3993,train
3994,train
3995,train
3997,train
3998,train
4000,train
4001,train
4002,train
4004,train
4005,train
4006,train
4007,train
4008,train
4010,train
4011,train
4012,train
4013,train
4014,train
4016,train
4017,train
4018,train
4019,train
4020,train
4021,train
4022,train
4023,train
4024,train
4025,train
4026,train
4027,train
4029,train
4031,train
4032,train
4034,train
4036,train
4038,train
4039,train
4040,train
4041,train
4043,train
4044,train
4045,train
4046,train
4047,train
4048,train
4052,train
4053,train
4055,train
4056,train
4057,train
4059,train
4061,train
4063,train
4064,train
4065,train
4067,train
4068,train
4070,train
4071,train
4072,train
4073,train
4075,train
4076,train
4077,train
4078,train
4079,train
4080,train
4081,train
4083,train
4084,train
4085,train
4087,train
4089,train
4090,train
4091,train
4092,train
4093,train
4095,train
4097,train
4098,train
4099,train
4100,train
4101,train
4102,train
4103,train
4104,train
4105,train
4106,train
4107,train
4108,train
4109,train
4110,train
4112,train
4113,train
4114,train
4117,train
4118,train
4119,train
4120,train
4122,train
4124,train
4126,train
4127,train
4129,train
4131,train
4134,train
4135,train
4137,train
4141,train
4142,train
4143,train
4144,train
4145,train
4147,train
4148,train
4149,train
4150,train
4151,train
4153,train
4155,train
4156,train
4157,train
4158,train
4159,train
4160,train
4161,train
4163,train
4164,train
4165,train
4166,train
4168,train
4169,train
4170,train
4171,train
4174,train
4175,train
4177,train
4179,train
4180,train
4181,train
4183,train
4184,train
4185,train
4186,train
4187,train
4188,train
4189,train
4190,train
4191,train
4192,train
4193,train
4194,train
4195,train
4196,train
4197,train
4199,train
4200,train
4201,train
4203,train
4204,train
4206,train
4207,train
4209,train
4211,train
4212,train
4213,train
4214,train
4216,train
4217,train
4218,train
4219,train
4220,train
4221,train
4223,train
4224,train
4225,train
4226,train
4228,train
4229,train
4231,train
4232,train
4233,train
4235,train
4236,train
4237,train
4238,train
4239,train
4240,train
4242,train
4243,train
4246,train
4248,train
4249,train
4250,train
4251,train
4252,train
4253,train
4254,train
4255,train
4258,train
4260,train
4261,train
4262,train
4263,train
4264,train
4265,train
4270,train
4272,train
4274,train
4275,train
4276,train
4277,train
4278,train
4279,train
4280,train
4283,train
4284,train
4286,train
4287,train
4288,train
4289,train
4290,train
4291,train
4292,train
4295,train
4297,train
4298,train
4300,train
4301,train
4302,train
4303,train
4304,train
4305,train
4306,train
4307,train
4308,train
4309,train
4310,train
4311,train
4312,train
4314,train
4315,train
4317,train
4318,train
4320,train
4321,train
4323,train
4324,train
4325,train
4326,train
4327,train
4329,train
4330,train
4331,train
4332,train
4334,train
4335,train
4336,train
4337,train
4339,train
4340,train
4341,train
4343,train
4344,train
4345,train
4346,train
4347,train
4348,train
4349,train
4350,train
4351,train
4352,train
4353,train
4354,train
4355,train
4357,train
4358,train
4359,train
4360,train
4363,train
4364,train
4365,train
4366,train
4367,train
4368,train
4369,train
4370,train
4372,train
4373,train
4374,train
4375,train
4376,train
4378,train
4379,train
4380,train
4381,train
4382,train
4383,train
4384,train
4385,train
4386,train
4387,train
4388,train
4389,train
4392,train
4394,train
4395,train
4397,train
4399,train
4400,train
4401,train
4403,train
4409,train
4411,train
4413,train
4414,train
4415,train
4416,train
4417,train
4419,train
4420,train
4422,train
4423,train
4424,train
4427,train
4428,train
4429,train
4430,train
4431,train
4432,train
4435,train
4437,train
4438,train
4439,train
4440,train
4443,train
4444,train
4445,train
4446,train
4447,train
4448,train
4449,train
4450,train
4453,train
4454,train
4455,train
4456,train
4457,train
4458,train
4459,train
4460,train
4461,train
4462,train
4463,train
4464,train
4465,train
4467,train
4468,train
4470,train
4472,train
4474,train
4475,train
4477,train
4478,train
4479,train
4480,train
4481,train
4483,train
4487,train
4489,train
4490,train
4491,train
4493,train
4494,train
4495,train
4496,train
4497,train
4499,train
4500,train
4501,train
4502,train
4503,train
4504,train
4506,train
4507,train
4508,train
4509,train
4510,train
4513,train
4514,train
4515,train
4517,train
4518,train
4519,train
4520,train
4521,train
4523,train
4524,train
4526,train
4528,train
4529,train
4530,train
4531,train
4532,train
4533,train
4536,train
4537,train
4538,train
4539,train
4541,train
4543,train
4545,train
4546,train
4547,train
4548,train
4551,train
4552,train
4554,train
4556,train
4557,train
4558,train
4559,train
4560,train
4561,train
4562,train
4563,train
4564,train
4565,train
4566,train
4567,train
4569,train
4570,train
4571,train
4572,train
4574,train
4575,train
4577,train
4584,train
4585,train
4586,train
4587,train
4588,train
4589,train
4592,train
4594,train
4595,train
4596,train
4599,train
4600,train
4601,train
4602,train
4603,train
4605,train
4606,train
4607,train
4608,train
4609,train
4611,train
4613,train
4614,train
4615,train
4616,train
4617,train
4618,train
4619,train
4620,train
4621,train
4622,train
4624,train
4625,train
4626,train
4627,train
4628,train
4629,train
4631,train
4632,train
4633,train
4634,train
4636,train
4640,train
4641,train
4643,train
4645,train
4646,train
4647,train
4648,train
4649,train
4650,train
4651,train
4652,train
4653,train
4655,train
4656,train
4658,train
4659,train
4660,train
4661,train
4662,train
4663,train
4664,train
4665,train
4666,train
4668,train
4670,train
4671,train
4673,train
4675,train
4677,train
4678,train
4680,train
4681,train
4682,train
4684,train
4685,train
4686,train
4687,train
4688,train
4690,train
4691,train
4692,train
4694,train
4695,train
4696,train
4697,train
4698,train
4701,train
4702,train
4703,train
4705,train
4706,train
4707,train
4708,train
4711,train
4712,train
4713,train
4715,train
4716,train
4717,train
4720,train
4721,train
4722,train
4723,train
4724,train
4726,train
4730,train
4733,train
4734,train
4736,train
4739,train
4740,train
4742,train
4743,train
4744,train
4745,train
4746,train
4748,train
4751,train
4752,train
4753,train
4754,train
4755,train
4756,train
4757,train
4758,train
4760,train
4761,train
4762,train
4763,train
4764,train
4765,train
4766,train
4767,train
4768,train
4770,train
4771,train
4773,train
4774,train
4775,train
4777,train
4778,train
4779,train
4780,train
4781,train
4782,train
4783,train
4784,train
4785,train
4787,train
4788,train
4789,train
4791,train
4792,train
4793,train
4794,train
4796,train
4798,train
4799,train
4800,train
4803,train
4804,train
4806,train
4807,train
4808,train
4809,train
4810,train
4811,train
4812,train
4813,train
4814,train
4815,train
4816,train
4817,train
4818,train
4819,train
4820,train
4822,train
4823,train
4824,train
4826,train
4827,train
4829,train
4830,train
4832,train
4833,train
4834,train
4836,train
4837,train
4838,train
4839,train
4840,train
4841,train
4842,train
4844,train
4845,train
4848,train
4849,train
4850,train
4851,train
4852,train
4853,train
4855,train
4856,train
4857,train
4858,train
4859,train
4860,train
4861,train
4862,train
4863,train
4866,train
4867,train
4868,train
4869,train
4870,train
4871,train
4872,train
4874,train
4875,train
4876,train
4877,train
4878,train
4879,train
4880,train
4881,train
4882,train
4883,train
4884,train
4885,train
4887,train
4888,train
4889,train
4890,train
4891,train
4892,train
4893,train
4894,train
4895,train
4896,train
4898,train
4900,train
4901,train
4902,train
4903,train
4904,train
4905,train
4906,train
4908,train
4909,train
4910,train
4911,train
4912,train
4913,train
4915,train
4916,train
4917,train
4918,train
4919,train
4921,train
4922,train
4924,train
4925,train
4926,train
4930,train
4932,train
4935,train
4936,train
4937,train
4938,train
4940,train
4941,train
4942,train
4943,train
4944,train
4945,train
4946,train
4947,train
4950,train
4951,train
4952,train
4953,train
4955,train
4956,train
4957,train
4958,train
4959,train
4960,train
4961,train
4962,train
4963,train
4964,train
4965,train
4966,train
4968,train
4970,train
4971,train
4972,train
4973,train
4974,train
4976,train
4977,train
4978,train
4979,train
4980,train
4982,train
4983,train
4984,train
4985,train
4986,train
4987,train
4991,train
4992,train
4993,train
4994,train
4995,train
4996,train
4998,train
4999,train
5000,train
5001,train
5002,train
